time_seconds,cdf
5218.483622716026,0.09999768868406812
5649.781223113369,0.20012851012173766
5665.180855670284,0.3000571465173628
6016.343489683852,0.4001215101279974
6058.302706357282,0.5001801353498191
6211.392658674531,0.6003138391692194
6624.385422723192,0.6999611753950047
6665.939921939118,0.7997921707332939
7316.4697762028045,0.8999028116614233
7401.956303959383,1.0000000000000002
