time_seconds,cdf
6813.02543993766,0.08221296820715684
6837.133040955904,0.17414725765780964
6841.670748076417,0.2415709270362848
6954.316594874962,0.323225363340587
7002.637168536122,0.38556177258239593
7084.209198140051,0.43326596939598905
7090.999464582588,0.5061231287088207
7120.13159061298,0.5981417887246556
7125.897174269075,0.6636509425985351
7203.233549669945,0.7556715018950163
7332.34872893648,0.8473529741605796
7362.685765856129,0.9345540174730076
7433.771679052725,1.0
