time_seconds,cdf
4755.844697767675,0.11135843425330842
4884.145628418473,0.22240479211775777
5019.7736645151645,0.3335388828236257
5027.759171361502,0.4440481187564167
5341.759180744588,0.5554191826756091
5678.196873838793,0.6666521704609171
5764.10849265131,0.7775423067682016
5984.06884924904,0.8888529430774573
6014.118646700268,0.9999999999999998
