time_seconds,cdf
7086.988201152637,0.11727161826702766
7169.375484282933,0.23243923945776934
7281.7409727729355,0.3477119742315629
7322.82294641269,0.46506596011010826
7469.978880383487,0.5825465867383811
7540.6258984906135,0.6734500412061767
7695.393357250809,0.787611717527601
7833.271600733536,0.9050864990064857
8013.269197901598,1.0
