time_seconds,cdf
4894.919258688195,0.12514093058052905
4949.310479874146,0.2500189466488119
5400.983292995121,0.3744662416948016
5911.182333200201,0.4996676554538006
6221.124548064197,0.6246141879909134
6478.247396269461,0.7498253411398881
6691.7131387217305,0.8747946090265016
6951.289473950281,1.0
