time_seconds,cdf
5001.786785759244,0.0911669277075877
5445.909703153056,0.18395301976267192
5801.647363542021,0.2766908220629991
6030.341231313095,0.3678715391623377
6139.618018292798,0.4583202736831269
6192.778986041605,0.5453347430662804
6196.6911079245765,0.638137060527022
6254.230199252875,0.7309391276939144
6352.449201412782,0.8179535970770679
6628.191121087456,0.908422225468739
7061.529879741152,1.0
