time_seconds,cdf
6745.920841479885,0.07721638151576725
7008.571688530435,0.15443091236641443
7180.792129129688,0.2300977159853489
7500.3779431788635,0.30627898952820476
7666.727691065924,0.38348259915945615
7728.282993485103,0.4599494519438217
7935.173196996808,0.5371647381638056
7967.795918269244,0.614168742042518
8424.201440749417,0.6912967253828313
8762.99485070417,0.7684779164187809
8811.906339281648,0.8456822134914073
8982.041581514693,0.9228381562425364
9168.586863247643,1.0
