time_seconds,cdf
6496.178905788596,0.3158146504021055
6723.367277416271,0.6582385037145672
7183.766508662813,1.0
