time_seconds,cdf
9768.763685838636,0.09658019488020304
9887.81649481151,0.19443937563950334
9912.53992268346,0.29107035399026976
9912.723978697464,0.3875625579741717
10040.08537230612,0.48353660103493773
10110.03669808426,0.5807880224915918
10117.246119150252,0.6781457047543644
10197.039544686862,0.7498550000334182
10217.545746044092,0.8480571425382232
10222.994254990474,0.9248132576861412
10267.452653698889,1.0
