time_seconds,cdf
4050.2169577213576,0.14352314126609272
5505.178270574539,0.287058778167155
5650.5832724736465,0.4292203855582504
6104.580227061974,0.5724659654519781
6186.966205253588,0.7134874539931938
6255.887604020831,0.8564717914847132
6690.410896991397,1.0
