time_seconds,cdf
7580.953474137879,0.07150972998853411
7601.803934117455,0.14178886639196517
7611.555925341057,0.2217739078214866
7622.834009839807,0.29883511801768464
7626.08442027427,0.37189201029827945
7714.09183386088,0.44373273839824184
7717.138562623183,0.5270963926490465
7729.809484088153,0.6101305288357527
7730.992101261514,0.6935322299960255
7734.834863831944,0.7650888317669935
7777.868529888948,0.84710475432267
7854.601176900643,0.9197575495463813
7999.477923032756,1.0
