time_seconds,cdf
8224.136985502224,0.11273147943251803
8226.497637971212,0.21849578380534931
8420.317642916714,0.3321099190766624
8489.319840237444,0.4449978259327633
8502.186885956939,0.5483371789186976
8573.051074960184,0.6609068998227299
8656.706830546389,0.7730521150915974
8789.07384640759,0.8865791098615792
8839.46293378395,1.0
