time_seconds,cdf
4971.172621043867,0.11157803985810574
5134.48947339481,0.22263479668790917
5277.286456120784,0.3331735525213707
5280.254541060374,0.44387737995268506
5324.195166708777,0.5554781150826529
5377.341991939247,0.6664901652696088
5401.888804374298,0.7779823787605386
5413.181299663324,0.8886875770170182
5817.479440865164,1.0
