time_seconds,cdf
7391.432904105767,0.18638698856111743
7561.068407718239,0.34161792787055845
7607.391832806899,0.5088564566328639
7615.968907706083,0.696123778181394
7797.858111104627,0.8463681628032452
7949.389030572639,1.0
