time_seconds,cdf
8270.091168397354,0.12526470059555955
8329.300651184689,0.2496316427481696
8329.516590638028,0.37374534431653084
8388.89515169575,0.49866754129902263
8409.603144536022,0.6244520721879343
8528.406267005079,0.7502007354255298
8797.976163755695,0.8750032792208629
9143.82189102517,1.0
