time_seconds,cdf
7890.845357432595,0.11276406248256304
8041.95019089072,0.21827921571238573
8044.323309305153,0.33213814991159
8175.838206477271,0.4403830680560563
8202.079120903843,0.5510111374455342
8259.685631716497,0.6647721298901492
8271.587319304786,0.7736062703646601
8296.039091757872,0.8863064940281867
8547.28445215485,1.0000000000000002
