time_seconds,cdf
5230.863507236809,0.11111419128669492
5326.238149627383,0.22237364412442556
5400.602016695979,0.3334597651343743
5811.108649705434,0.44477692716835504
5898.857496906528,0.5559412427367542
6096.84906672052,0.6672055853584735
6183.495953146906,0.7785152850999811
6453.357893826158,0.8895168608626465
6481.222125367356,0.9999999999999999
