time_seconds,cdf
4019.2154905026173,0.14111446613376866
4099.527379849553,0.2849398313069576
4133.784743128184,0.42867693469983026
4243.097506972934,0.5719382596431357
4254.494775783273,0.713547702672408
4296.1446115884,0.8574825883119565
4558.004789306863,1.0
