time_seconds,cdf
4902.665481424521,0.09974616303939011
5532.389285976924,0.20002814933519436
5709.411009831562,0.30021162416508657
5985.826712215019,0.4001406287286621
6024.882095997859,0.4997499325636511
6168.397064635539,0.6000924278354053
6213.210948996198,0.7004237794177094
6216.7703619596095,0.8001034831955479
6382.0439403058535,0.8999225787351913
7003.297428919017,0.9999999999999998
