time_seconds,cdf
6706.962872489773,0.10360877437430449
6739.944498137001,0.21238050500245825
6745.2639321462275,0.29325205630158035
6750.182246211329,0.40289774107139287
6774.540235709427,0.5102670947371505
6849.983763063536,0.611249536465862
6856.434472894244,0.7016748344126831
6906.89793808115,0.7825472419762438
6936.512189503342,0.892587360338196
6983.545471355261,1.0000000000000002
