time_seconds,cdf
5385.525765921572,0.09962064040475217
5706.038351282413,0.1989837367115534
5788.83689940059,0.29922744710847216
5996.635237294495,0.39948880943848974
6057.839288232387,0.4992782509027028
6254.786885217553,0.5995291727693959
6713.064981871938,0.6995916018873438
6798.486860526637,0.7996857149481376
7220.1524635687065,0.8998449793945976
7277.887357674066,1.0
