time_seconds,cdf
7079.20004887807,0.1116238749781481
7113.344955143177,0.22353160391917498
7149.31655493807,0.3343780588560072
7281.313580112368,0.44565595292790744
7544.318355255572,0.5576145311412392
7686.334562303073,0.6694658749685805
7723.311748010736,0.7791213539646621
7749.117135533052,0.8899963829040695
7943.1243323146555,1.0000000000000002
