time_seconds,cdf
6068.46801021296,0.08376236075889704
6144.727635308426,0.16754847812944465
6169.8361029181615,0.25112786368605095
6270.4736948761965,0.3349251625103896
6347.8321727915045,0.4187248799769805
6458.340435923612,0.502521344600695
6522.226909350766,0.5863264669342259
6715.059316737276,0.6701322478222561
6878.324633123475,0.7539379595579474
7182.983563922409,0.8376576146528342
7246.816473679722,0.9161954058784774
7646.475737477474,1.0
