time_seconds,cdf
4977.278410837297,0.09314628940686977
4986.561466299575,0.18613869315211737
5017.094903914073,0.2793880400074089
5066.227725384364,0.3651319597396849
5069.155549600185,0.45838135356244625
5145.2631768145775,0.5449124890214319
5165.9456894975,0.6326003735205189
5193.310398644698,0.7258488410363048
5213.104373513547,0.8140255849065396
5225.18615914974,0.9070369050845195
5549.615705299116,1.0
