time_seconds,cdf
5904.6196108117265,0.08372058122810506
5910.833678812756,0.16802283044964664
5963.345118482145,0.25147765515272674
6019.179036944878,0.33590632482364186
6043.830429121734,0.41924529927998166
6064.999877719033,0.5029815671802621
6069.680118563288,0.5868287698496065
6072.195718667736,0.6712037671425345
6105.319166286483,0.7551691050106474
6191.025241847095,0.8340818925692969
6337.433273209633,0.9174042032929317
6516.437338586011,1.0
