time_seconds,cdf
5891.455862595625,0.08250480705689132
5900.739957118519,0.16522151850386568
6032.059959891956,0.2494617978494608
6049.28180754806,0.33324016548954943
6139.073946882988,0.4167104084555544
6197.292457834392,0.49974775583693104
6263.657254232723,0.5838125382608315
6277.851508382711,0.6676757893067854
6316.875665034454,0.7518851288526653
6512.689425607097,0.8341992428854312
6788.512646798947,0.9162948567278609
6986.554322026199,1.0
