time_seconds,cdf
7392.7102943086065,0.1119330643302796
7564.799428284648,0.22581861450078894
7565.066262575608,0.3206907129713872
7754.516347344266,0.4339816784406808
7811.548398791833,0.5478706454947779
7815.661120386817,0.6615152073872461
7945.8853007986645,0.7753976934936777
8067.598793792119,0.8892380577450736
8083.235012131996,1.0
