time_seconds,cdf
6262.190286444242,0.1105770129093041
6290.360075445574,0.22233805601360188
6470.185167188457,0.3338546589756549
7005.086963456965,0.44540260607955207
7226.453306872227,0.5578846913140343
7475.643409660863,0.6684617042233384
7582.567790670404,0.776953740052674
7839.954729009192,0.8875307529619781
7976.571228151159,1.0
