time_seconds,cdf
6334.005938060665,0.16218638301246613
6619.987892224751,0.3315746324335889
6782.005442831732,0.4910683739225318
6934.184710049159,0.6605703021317959
6956.53724310732,0.8302368598343914
7029.115025572257,1.0
