time_seconds,cdf
4508.0,0.08236255058159533
4842.402517753104,0.16703467606885533
4971.078443407089,0.2507537563360367
5020.0,0.33311630691763205
5091.037370065167,0.4137427175627532
5110.326933643806,0.49676442149078404
5465.546009562771,0.581423994077293
5514.0,0.6637865446588883
5605.655815839581,0.7477483240514351
5792.926994239668,0.8314989806819677
5962.017443098579,0.9153489890584915
6088.719272327102,1.0000000000000002
