time_seconds,cdf
6300.498351671347,0.1666256385996485
6413.737077962686,0.33359341559819833
7016.167716186267,0.5007913212887108
7043.639633955623,0.6671314347750368
7439.457720501097,0.8327782742452221
7821.437785511876,1.0
