time_seconds,cdf
8311.062067259249,0.12031740659428643
8336.554602387785,0.23476450436758625
8429.53377467498,0.28073180660279273
8489.917836623748,0.3995685145045779
8494.485587505118,0.5201269695841344
8575.486953290074,0.6386152585804373
8801.094227309817,0.7591737661316408
8818.681484020062,0.8794424451655319
8960.540014920076,1.0
