time_seconds,cdf
8607.976523652333,0.08517167536311702
8686.419708541662,0.17989433776530703
8694.226875325323,0.26433441320576506
8790.987277008096,0.3475299846446074
8823.694805591284,0.44156368664592077
8883.647259697756,0.527579648718186
8893.034869787924,0.6223067443523301
9143.844488689432,0.7165104537913417
9164.191359957515,0.811052582275858
9302.706447445398,0.9052830203166596
9428.505652946727,1.0
