time_seconds,cdf
6808.033427828229,0.07419074290623288
6841.065225923051,0.15437392387454063
6848.892744597254,0.22678366150945295
6889.485497073053,0.30397250640283663
6931.2417890310935,0.3766928472617055
6941.480121372974,0.45016237954401384
6988.186396640735,0.5312912159825611
7044.2764744541155,0.6122271236627876
7073.020767148684,0.6876643989897718
7091.221419078263,0.7666576453684607
7154.8738706301265,0.8400441518348531
7187.369452360798,0.9208333940871237
7387.618117125825,1.0
