time_seconds,cdf
8748.331305120235,0.0944924697691841
8785.037135978146,0.18496001483643196
8826.092539459032,0.27549606478636407
8874.765100950857,0.36975999962208334
8886.110169764479,0.4565197600929954
8928.130010555902,0.5491567889113164
8993.41408481981,0.643605338873504
9001.045238559036,0.7226489944136051
9035.18581256666,0.8115871325075417
9125.77977116363,0.9055105142379206
9500.908845005904,0.9999999999999999
