time_seconds,cdf
4793.7452155376295,0.12504058057630366
4801.027011723334,0.2500965483224105
5355.14019907045,0.3750443567029781
5737.280850663793,0.5001830741294225
6138.709138631186,0.624901601436738
6472.336483735833,0.7499910352392004
6563.269309895914,0.874859156462441
6906.090795726844,1.0000000000000002
