time_seconds,cdf
5177.834988608648,0.08501337182406467
5316.926563214139,0.17048376553740646
5326.755015643097,0.25595732899301576
5359.458695432353,0.34138569607762304
5387.007293460142,0.42685963099253516
5483.865504490963,0.512283509535383
5557.921413747729,0.5975231832637958
5603.072232584416,0.6817969644775638
5606.444563431584,0.7654132475613953
5627.5063101502155,0.8508808003068162
5645.524244686673,0.9150921606441106
5762.207548567284,1.0
