time_seconds,cdf
4035.165131103747,0.14295788469768586
5414.986442245506,0.28593618094603723
5686.570888811177,0.4287477735987971
6056.541609893347,0.5716251664430378
6083.43803799853,0.7142386484037809
6202.03311661658,0.8570163606495392
6498.108047274504,1.0
