time_seconds,cdf
3555.3992841784057,0.09018049497392278
3562.3936705117867,0.18550225116461333
3679.283587270073,0.28097776855509393
3684.352065464242,0.3764144502503214
3707.172323030335,0.46097487825010436
3755.7301365150643,0.5541382522665453
3790.773966380554,0.6496130657046274
3901.8181000638083,0.7332883497398295
3907.8856852868466,0.8169636337750317
4120.907477704853,0.9068047421278612
4205.417640720522,1.0
