time_seconds,cdf
6747.29178722785,0.10005003714441885
6917.518076118741,0.20074170665436547
6922.6153799384465,0.3006781942023697
7000.627752667403,0.4011301703505756
7049.053256149198,0.501438155111586
7106.588992852003,0.5992433609032832
7172.076886244722,0.6986959665514751
7195.231686247662,0.7994040297409869
7335.377313431134,0.8996571802017597
7831.481533748377,1.0
