time_seconds,cdf
5179.249394212206,0.07734737552701648
5258.3316734634345,0.15473568121188322
5324.87660331028,0.23204613434584875
5527.568111123719,0.3079426640351973
5602.609012363544,0.3852010925331214
5649.669918693074,0.4625201727461016
5746.321858660758,0.5394471704081882
5929.420178500617,0.6167984190275178
5936.433996138331,0.6940676356163801
6058.079061378199,0.7693465897255136
6066.505614330736,0.8466941836313295
6163.422174533056,0.9240839234417366
6221.231644695889,1.0
