time_seconds,cdf
6873.131233189553,0.10114467155670506
6884.932663500505,0.20224884192995768
7064.183664668893,0.30408137128982904
7119.550927136158,0.40581119037731306
7121.372790473341,0.5039701121109799
7154.303136272976,0.6025384294306423
7240.022248985341,0.7043101583299411
7243.368119607349,0.8010002439922272
7326.833713709605,0.9002369886659817
7683.4669755804025,1.0000000000000002
