time_seconds,cdf
7064.899176498099,0.1443175646403837
7076.912014181855,0.21813627099435345
7193.847598615947,0.36066661619943996
7194.526306961146,0.5076046399045192
7261.168688060927,0.605896984924312
7262.88306057437,0.6840255786302162
7272.646904784655,0.779940782867557
7450.544186863532,0.8529372807116826
7482.431648441999,1.0
