time_seconds,cdf
6434.44249863451,0.33153042910240577
6724.2160598558785,0.6660096435465567
7132.302814711878,1.0
