time_seconds,cdf
6352.97515699444,0.08487758111480302
6584.877639186414,0.16871210230438038
6617.7609891366155,0.25191595939722344
6623.236813672715,0.33653264439420866
6707.042221812976,0.42163288513228236
6765.496870303275,0.5062577895749908
6853.752225450409,0.5913319633334507
6887.008234032399,0.6763649840055137
6939.076041895651,0.7605406933935239
7054.544855932531,0.8456412969103924
7365.071389217214,0.9155649176163316
7537.3830454474955,1.0
