time_seconds,cdf
7415.675894424455,0.09900327636659854
7511.538275902787,0.19512928222082804
7573.833287846909,0.2935582154585055
7618.406731807892,0.3908860341316923
7672.721625264718,0.48928158926605003
7689.703278279319,0.5882329504584928
7701.451455354942,0.6210124718926291
7763.705822273369,0.7199280370471635
7815.155348116813,0.8163406185657006
7876.86476654413,0.9052088281610506
7988.149025338767,0.9999999999999998
