time_seconds,cdf
5098.201337422676,0.1127002336126029
5119.1203533711005,0.22558263301893222
5360.8733612130445,0.3383572222174194
5377.793498286995,0.4490154632550586
5379.108882408205,0.5572226973429975
5386.421483626905,0.668787512396201
5390.904082556977,0.7815782302161073
5458.357104530265,0.888205829595181
5713.393929386228,1.0
