time_seconds,cdf
5249.239536739443,0.111557605200572
5337.658882596419,0.2233386585686462
5502.849929613229,0.33467643237617206
5912.018363512113,0.44653341356899084
5989.063525122426,0.5573169799985884
6129.855452151687,0.6681163077797143
6178.828181985532,0.7799732913899826
6371.5588688049465,0.8895139221881234
6580.79041129896,1.0
