time_seconds,cdf
9344.847608683667,0.1269100896719369
9662.109694167968,0.25454009446832326
9682.993068630536,0.3769604316830044
9745.375927715817,0.504907260625352
9851.788679761272,0.6285354827357322
9919.034337112615,0.7542683164884993
9942.668111132833,0.874230498056414
10022.38438543769,1.0
