time_seconds,cdf
7615.881138213116,0.12309806787404831
7694.069985912119,0.22513831447895333
7705.453525415474,0.33657350410650133
7723.284820118174,0.4375825096659708
7735.947719809534,0.5245570358369086
7796.174733129015,0.6470303721898423
7808.370961808007,0.7545460423482147
7901.27921863737,0.8774071574052762
7959.77673650552,1.0
