time_seconds,cdf
7392.069802705642,0.10068595308063447
7521.2390746103465,0.2010299372206703
7544.842498007335,0.30063257625648365
7556.737626020342,0.4018246161235897
7594.863002266728,0.502049335485401
7654.583623130879,0.603260729136796
7656.958613793725,0.7040164948312455
7780.558335477939,0.804749625473609
7900.675777254231,0.9001911808808305
8000.463482894304,1.0
