time_seconds,cdf
3492.2358206579033,0.10033210476324121
3605.6018423602645,0.19937184477481737
3695.723714896834,0.30008872467999326
3709.343886952941,0.400677053426184
3725.1770871741933,0.5010295349934545
3748.9696843969587,0.6017759371004013
3776.793146549677,0.7021464126403516
3800.7969282699505,0.8010039550391274
4070.4756173468454,0.8997750888739479
4279.763072069517,1.0
