time_seconds,cdf
4878.633411526955,0.1454355793763801
4926.488557250998,0.28149795316784654
5033.627732053489,0.4234097623978753
5153.05301198633,0.5688453565203241
5153.157351901627,0.7116690130944269
5417.676345404765,0.8550769511012266
5458.471136522071,1.0
