time_seconds,cdf
6391.77617306501,0.08455174286925377
6479.705343865598,0.16661171978893202
6592.792580981023,0.2512287387339372
6601.164195512881,0.3357776703109555
6744.154243727724,0.4204691975112912
6780.746472718414,0.5027578852294946
6786.7212452562135,0.5846223962613102
6798.7600367716495,0.6691159653883434
6925.970051876517,0.7536570331245008
7126.439162853505,0.8383515101366872
7354.811905765381,0.9198718562183994
7611.77322831578,1.0
