time_seconds,cdf
6373.8268671988235,0.16627378811608087
6472.253468531445,0.33362282804172233
6573.949324184039,0.4989882768323143
6876.294034057298,0.6663805550835324
6975.521851551812,0.8327406217777723
7030.772660431392,1.0
