time_seconds,cdf
5873.744496839399,0.0798995668224222
6050.47979825292,0.15657143968358714
6059.0861823175455,0.2438501049903601
6097.742890166928,0.33084615261010625
6121.31727248342,0.41805496294668043
6153.489655553148,0.4998293459946516
6222.27726854962,0.5797928712720775
6230.23144121244,0.666940810047022
6308.417351774237,0.7542196256822962
6519.562535224281,0.8307900459806221
7097.78937596311,0.9179877686468859
7126.0,1.0000000000000004
