time_seconds,cdf
5182.731011532242,0.08477741941385085
5219.020264901468,0.1682201345038745
5367.270903454345,0.25230841733104786
5367.422166347405,0.3371602974904235
5400.473354982903,0.42198859386682747
5436.113508557085,0.5068414810540853
5440.158046928552,0.5889690951774669
5496.067544734457,0.6680117478555667
5611.7482336069115,0.7528058506771723
5706.659470690042,0.8361691127588476
5720.660057520977,0.9180009241780945
5854.041876031105,1.0000000000000002
