time_seconds,cdf
5965.844590587557,0.08299199898176957
5982.33075431072,0.16722125212819794
5986.575557088913,0.25017216500172856
6066.553179190656,0.3344020743232093
6070.6388601847375,0.41841957157621934
6072.917186588997,0.5026495173075507
6122.27357637666,0.5866887284689564
6136.228320657702,0.6707419715031053
6166.999803335827,0.7534269303845305
6292.065126125854,0.8329414333872935
6395.805739282578,0.9170947001502953
6598.576034801012,1.0
