time_seconds,cdf
9624.361523921874,0.1307149893087237
9660.748420235861,0.2610176836212682
9665.22842587695,0.37057103258491697
9671.576023099384,0.5021354701410169
9727.413136360366,0.6323161363752474
9796.090584358619,0.76491213349198
9960.77679581569,0.8890733177020814
9987.168993851428,1.0000000000000002
