time_seconds,cdf
4935.560572273961,0.09144064070112103
4935.728226518347,0.18286310230695035
4984.079108267447,0.2757344410971417
5038.546487708061,0.3623647909951999
5053.581052760926,0.4475899237867073
5074.36893108917,0.540395989528445
5104.544431606437,0.6320913460025497
5124.933253288798,0.7247984997431909
5161.576380719572,0.8169101169775128
5237.118727780291,0.9084082715711185
5431.551084345639,0.9999999999999998
