time_seconds,cdf
4033.622815703203,0.14975925677850718
4179.1917244437345,0.3004042606711962
4199.392996547454,0.45205708332728356
4223.090562113205,0.6019936577323053
4312.332226634965,0.7536934332046119
4358.439241306149,0.8778750552721574
4570.608636565185,1.0
