time_seconds,cdf
7121.836305183563,0.07686046205276807
7134.775198194705,0.1607062789896397
7204.768356327301,0.23489740926312686
7217.79467507858,0.31664329878259995
7245.274362650617,0.3995643711627857
7277.31214716299,0.4555047772929484
7320.971102856585,0.5387960448169774
7322.94147995701,0.6218082387056789
7470.4576627799615,0.698668700758447
7483.524333017806,0.782648555671364
7510.663462568692,0.866620237427558
7579.096715022301,0.9505253995894885
8151.841413087393,1.0
