time_seconds,cdf
7999.064295985647,0.10985605638788129
8002.139464895508,0.2222411386955291
8015.681499857854,0.3339450544700431
8064.092942505836,0.4427447850565849
8102.515376213847,0.5531498384936526
8218.668233205875,0.6669182254950505
8228.859285203522,0.7744339261651243
8297.024916964185,0.8881173807486403
8423.963307226559,0.9999999999999999
