time_seconds,cdf
4588.052470414545,0.09974859480277098
4943.366168115448,0.20129298353325537
4963.22396747928,0.3024638508968745
4988.593359375473,0.4035593896299132
4999.157793103494,0.5050404896061739
5055.134777823329,0.6065848658990265
5120.59875317916,0.7058065754563615
5157.164133400627,0.8073507520329376
5163.7570199876445,0.9035693419970293
5407.931670388827,1.0
