time_seconds,cdf
8079.420673958206,0.12581020177905786
8394.375375542979,0.2526915468080371
8459.115609387058,0.37947899612057767
8498.227641318557,0.505225607608595
8611.390018204485,0.6268977607448274
8789.979969937742,0.753620477674024
8800.011961061206,0.8763867870479415
9008.995655830751,1.0
