time_seconds,cdf
6921.409577611426,0.11347735814350704
7074.142842700194,0.2267669050090952
7119.6707024047055,0.3349815999412594
7123.075365279783,0.44421042712511316
7131.8629584694745,0.5536774802826069
7216.825904558644,0.6660386010759614
7367.029710064277,0.7753685951955053
7385.760695778737,0.8863084166711062
7463.415534721051,1.0
