time_seconds,cdf
9428.348655470152,0.09202027430302571
9852.70762364281,0.18442167859831715
9927.025255955474,0.27158389554423934
10119.683147192458,0.3640868814668555
10122.58212164146,0.4536278705094784
10161.49320280073,0.5461966248108984
10203.164981784952,0.6376044951206946
10229.066465660579,0.7295555827388829
10282.603393183523,0.8176606781960102
10441.927435001198,0.9086119832548152
10491.426882791775,1.0
