time_seconds,cdf
5944.319271001921,0.08339751518368796
5994.574533180031,0.16643446593999484
5997.6672619413785,0.2488569700541919
6072.708286879769,0.33238780559988895
6218.593643896202,0.4158742141925747
6323.954161278889,0.4992795259529207
6588.567333566485,0.5828238706437175
6779.708426239648,0.666368449406059
6973.248436713166,0.7499086458599588
7231.4073785220435,0.8331952052887268
7279.621515931901,0.9164660683749365
7608.129930731925,1.0
