time_seconds,cdf
7190.293297205007,0.14365560992347412
7507.187164494469,0.28501022986974867
7654.213072809509,0.4285445312614453
7732.893677632509,0.5721361987829103
8044.39277011761,0.7156831217354256
8413.687062799874,0.8586217679804615
8734.971764484744,1.0
