time_seconds,cdf
3592.5154470360017,0.10008052734204836
3595.9520955144203,0.20016434305839118
3600.0236521537777,0.29988640026646046
3672.001955804026,0.39986964878742265
3805.762211308957,0.4998869113589411
3833.1038871145247,0.5999454419839607
4071.073900303539,0.7000062686676624
4287.884422126685,0.8000327318943149
4412.523072960951,0.9000534437211287
5095.53839037241,1.0
