time_seconds,cdf
3583.0708612347876,0.1004248130993918
3638.0215924257195,0.20024918699589836
3657.549172374686,0.30067399899962155
3754.2522415353565,0.4008705898958941
3857.08262873802,0.5012619452745424
3861.537987370733,0.60121618006775
4084.812637618258,0.7011772994659488
4260.4277913968235,0.8009171236112193
4475.2571013183,0.9005853617101853
5008.034645256074,1.0
