time_seconds,cdf
7104.179509260699,0.13618387356325085
7476.833584556284,0.2603744614169874
7672.566508242607,0.38292350198093916
7887.058282124208,0.5069925081150204
7932.357820099809,0.6311874157692867
8213.108861027338,0.7553530071134902
8381.440778647448,0.8790659145683781
8732.69766580992,1.0000000000000002
