{
  "saved_at": "2026-05-14T23:44:07",
  "group_q": {
    "Lille Bane": 4.178992016096583e-06,
    "Stor Bane": 1.7709275282097914e-06
  }
}