{
  "saved_at": "2026-05-18T23:20:57",
  "group_q": {
    "Lille Bane": 3.273617348695219e-07,
    "Stor Bane": 8.787933464443692e-07
  },
  "group_q_gamma": {
    "Lille Bane": 1.8529566998659376e-09,
    "Stor Bane": 6.1841236416471755e-09
  },
  "group_k": {
    "Lille Bane": 226893.6343316309,
    "Stor Bane": 67.29142102520503
  },
  "group_initial_state": {
    "Lille Bane": {
      "Anni Lauridsen": {
        "x": -0.021868315609011885,
        "p": 0.00020770404702320772,
        "gamma": 0.38867248382756453,
        "p_gamma": 0.2674359031440517
      },
      "Casper Lyhne": {
        "x": -0.015083777312720915,
        "p": 0.0002196955107076275,
        "gamma": -0.16616489806897144,
        "p_gamma": 0.2800796782576684
      },
      "Christian Løvgren Persson": {
        "x": 0.04851820015318858,
        "p": 0.00016249974804974176,
        "gamma": 0.02283406001207139,
        "p_gamma": 0.10453653113360344
      },
      "Esben HARDER": {
        "x": -0.024779011843277673,
        "p": 6.61849251097228e-05,
        "gamma": -0.21904385435028717,
        "p_gamma": 0.10048310375165635
      },
      "Henrik AXELSEN": {
        "x": -0.03229632769744443,
        "p": 8.645982131624855e-05,
        "gamma": -0.40746295739939054,
        "p_gamma": 0.1395097449746119
      },
      "Horacio Bulacio": {
        "x": -0.011904643103036324,
        "p": 8.399306425031355e-05,
        "gamma": -0.17356098745502202,
        "p_gamma": 0.09061654894615638
      },
      "Ilan HURVITZ": {
        "x": 0.02374621155229116,
        "p": 9.466267533111486e-05,
        "gamma": 0.1200458806393337,
        "p_gamma": 0.11566924867810985
      },
      "Inger STOKKINK": {
        "x": -0.030816810837116536,
        "p": 7.295864851749349e-05,
        "gamma": 0.2529548245126474,
        "p_gamma": 0.11556874830666866
      },
      "Jan SKYTTE": {
        "x": 0.06665123765907861,
        "p": 0.00022689487054117644,
        "gamma": 0.02655456162262224,
        "p_gamma": 0.4230667879700467
      },
      "Jens Due OLSEN": {
        "x": 0.0356759046144935,
        "p": 8.439539464394474e-05,
        "gamma": 0.5775903621120934,
        "p_gamma": 0.15487104490874437
      },
      "Jesper HARPELUNDE": {
        "x": 0.014758058565096717,
        "p": 0.0003105392901021766,
        "gamma": -0.09058437063542159,
        "p_gamma": 0.40915951090095315
      },
      "Jesper THYGESEN": {
        "x": 0.05614097680759991,
        "p": 8.555436069180058e-05,
        "gamma": 0.141357279202958,
        "p_gamma": 0.14361620686127224
      },
      "John AMBY": {
        "x": 0.007086921460963974,
        "p": 8.271237111909637e-05,
        "gamma": -0.30119414737472855,
        "p_gamma": 0.15839691666434724
      },
      "Lotte MARKERT": {
        "x": -0.051639256572877816,
        "p": 9.72091001128066e-05,
        "gamma": -0.605338816759501,
        "p_gamma": 0.1518566093435314
      },
      "Martin Rasmussen": {
        "x": 0.11208549145492772,
        "p": 0.00010798277090075089,
        "gamma": 0.04969308560537626,
        "p_gamma": 0.1474857114682191
      },
      "Mikkel VINTER": {
        "x": -0.0461616556799688,
        "p": 0.00013461788549034678,
        "gamma": -0.28101415704963423,
        "p_gamma": 0.31742007074429807
      },
      "Ole RASMUSSEN": {
        "x": -0.05110344099890466,
        "p": 6.954033690198746e-05,
        "gamma": 0.22210733516171088,
        "p_gamma": 0.13523198662739497
      },
      "Oluf GRØNKJÆR": {
        "x": -0.03353605796328115,
        "p": 7.4278756616198e-05,
        "gamma": -0.058793683669049385,
        "p_gamma": 0.11773580599169806
      },
      "Oskar Hansen": {
        "x": 0.01727065902915698,
        "p": 0.00015318200310230194,
        "gamma": 0.04973519392008103,
        "p_gamma": 0.14771201776052087
      },
      "Peder FLARUP": {
        "x": 0.07874079274290079,
        "p": 0.00010557732694318987,
        "gamma": 0.6845103812592745,
        "p_gamma": 0.17278526348238135
      },
      "Rikke M. Schnuchel": {
        "x": -0.012430781227749406,
        "p": 0.0001510909990691695,
        "gamma": -0.045373965938273496,
        "p_gamma": 0.39770514620034625
      },
      "Rune AAGAARD": {
        "x": -0.03159427753066575,
        "p": 0.00013306170705702235,
        "gamma": -0.6551654901011232,
        "p_gamma": 0.2850896338049559
      },
      "Thomas YDE": {
        "x": 0.023833476118107898,
        "p": 0.0001522108554160143,
        "gamma": -0.14687363350971697,
        "p_gamma": 0.4026569800616603
      },
      "Tonni GADGAARD": {
        "x": -0.0612492071189919,
        "p": 0.00011342001551138986,
        "gamma": 0.027332666256523003,
        "p_gamma": 0.2584882990273419
      },
      "Torben DUUS": {
        "x": -0.060044366662758586,
        "p": 0.0001513925397797934,
        "gamma": 0.4497889360896267,
        "p_gamma": 0.3977604652746206
      }
    },
    "Stor Bane": {
      "Anders VESTERØ": {
        "x": -0.014604379132374935,
        "p": 0.0005908546193226052,
        "gamma": 0.011966296960758172,
        "p_gamma": 0.3406816421420721
      },
      "Axel THOMSEN": {
        "x": -0.0226342808113612,
        "p": 0.00020009596849691216,
        "gamma": -0.5710975643759658,
        "p_gamma": 0.11333756850943301
      },
      "Blue X": {
        "x": 0.03353475023501984,
        "p": 0.00022376964754838998,
        "gamma": 0.1479425593913044,
        "p_gamma": 0.11783363601558769
      },
      "Bo BODDUM": {
        "x": -0.01770381439554978,
        "p": 0.00019820400916036003,
        "gamma": -0.31244337975154823,
        "p_gamma": 0.11551784981382668
      },
      "Casper Lyhne": {
        "x": -0.03613030686606684,
        "p": 0.00028672214626643706,
        "gamma": 0.03342311250978888,
        "p_gamma": 0.13538695201928866
      },
      "Christian GREJS": {
        "x": -0.0471923256384602,
        "p": 0.0001969147665584117,
        "gamma": -0.9387541781293964,
        "p_gamma": 0.11207290562979846
      },
      "Christian LINDHOLST": {
        "x": 0.03129962543520244,
        "p": 0.00021082850707412217,
        "gamma": 1.1911871402897185,
        "p_gamma": 0.1324311712290955
      },
      "Claus BÜLOW": {
        "x": -0.033582270988853795,
        "p": 0.0005790265624576589,
        "gamma": 0.7664797849959658,
        "p_gamma": 0.3050611667319107
      },
      "Erik VANGSGAARD": {
        "x": 0.03104232620066411,
        "p": 0.0005234856785744811,
        "gamma": -0.0717900028426173,
        "p_gamma": 0.30221807521055766
      },
      "Henrik ZÜRICHO": {
        "x": 0.016708504901970418,
        "p": 0.00021522393430914975,
        "gamma": 0.20064301382391267,
        "p_gamma": 0.14317209878674209
      },
      "Jan Ilsø Sørensen": {
        "x": 0.021289468593041667,
        "p": 0.00021224627961815266,
        "gamma": 0.2463404556568046,
        "p_gamma": 0.1194773216660035
      },
      "Joachim BERG": {
        "x": -0.015606538836645497,
        "p": 0.0006945199837000499,
        "gamma": -0.2752224051906822,
        "p_gamma": 0.38675391449890933
      },
      "Klaus Lauridsen": {
        "x": -0.05634529180060056,
        "p": 0.0006625568422924342,
        "gamma": -0.06149614010008919,
        "p_gamma": 0.3205935998267487
      },
      "Morten HOFFMANN": {
        "x": 0.0656808592669382,
        "p": 0.0008252843722539006,
        "gamma": 0.6460681226543731,
        "p_gamma": 0.4628165929479615
      },
      "Morten Juul CHRISTENSEN": {
        "x": 0.009927332484566462,
        "p": 0.00033592487729807916,
        "gamma": 0.08218464552686143,
        "p_gamma": 0.15792256022577608
      },
      "Niklas Bomholt": {
        "x": 0.04408515010257647,
        "p": 0.0008686177067626968,
        "gamma": 0.36097384299528634,
        "p_gamma": 0.4655970856740183
      },
      "Pia Olesen": {
        "x": -0.00806830729638024,
        "p": 0.0003071076665912873,