{
  "saved_at": "2026-05-11T09:51:25",
  "group_q": {
    "Lille Bane": 4.641588833612773e-06,
    "Stor Bane": 1.7245137706711992e-06
  }
}