x_pos,race_local,group,race_display,series,x_prior,x_post,x_obs,x_proc_q25,x_proc_q75,x_total_q25,x_total_q75,x_q25,x_q75
1,R1,Lille Bane,'26-R1,Lille bane 2,6.8782441867170055e-18,,,-0.022533670698298307,0.02253367069829832,-0.10396162807222718,0.10396162807222718,-0.022533670698298307,0.02253367069829832
2,R2,Lille Bane,'26-R2,Lille bane 2,7.00416862089096e-18,,,-0.022630571397953995,0.02263057139795401,-0.05907514065786007,0.059075140657860084,-0.022630571397953995,0.02263057139795401
3,R3,Lille Bane,'26-R3,Lille bane 2,0.009262106364748784,,,-0.0128765703909007,0.03140078312039827,-0.05040437594291177,0.06892858867240934,-0.0128765703909007,0.03140078312039827
