x_pos,race_local,group,race_display,series,x_prior,x_post,x_obs,x_proc_q25,x_proc_q75,x_total_q25,x_total_q75,x_q25,x_q75
1,R1,Stor Bane,'26-R1,Stor bane 2,1.5612168617390223e-17,,,-2.1329238690560588e-05,2.1329238690591813e-05,-0.06262676317390944,0.06262676317390947,-2.1329238690560588e-05,2.1329238690591813e-05
2,R2,Stor Bane,'26-R2,Stor bane 2,1.6715297993806826e-17,-0.0001613206881848219,-0.029436866858485882,-0.0023575262719030764,0.0023575262719031102,-0.031846228823113346,0.03184622882311337,-0.0023575262719030764,0.0023575262719031102
3,R3,Stor Bane,'26-R3,Stor bane 2,-0.00016131714748732605,-0.0008689776946486363,-0.10607784137851803,-0.0034560119649300926,0.0031333776699554406,-0.04083869996657708,0.04051606567160242,-0.0034560119649300926,0.0031333776699554406
