x_pos,race_local,group,race_display,series,x_prior,x_post,x_obs,x_q25,x_q75
1,R1,Lille Bane,'26-R1,Lille bane 2,0.0,,,-0.02776227935288768,0.02776227935288768
2,R2,Lille Bane,'26-R2,Lille bane 2,0.0,-0.012256826711135356,-0.052892566910553995,-0.02776227935288768,0.02776227935288768
