x_pos,race_local,group,race_display,series,x_prior,x_post,x_obs,x_proc_q25,x_proc_q75,x_total_q25,x_total_q75,x_q25,x_q75
1,R1,Lille Bane,'26-R1,Lille bane 1,1.3877787807814457e-17,,,-0.022813304066119023,0.02281330406611905,-0.10360336196246783,0.10360336196246786,-0.022813304066119023,0.02281330406611905
2,R2,Lille Bane,'26-R2,Lille bane 1,1.3323115808651139e-17,-0.023294764200915353,-0.1632879944274741,-0.02310313987694184,0.023103139876941868,-0.059300318166095316,0.059300318166095344,-0.02310313987694184,0.023103139876941868
3,R3,Lille Bane,'26-R3,Lille bane 1,-0.023294764200915353,-0.04473212869353589,-0.14864056513750468,-0.0445712627968495,-0.0020182656049812023,-0.08192481953151595,0.03533529112968525,-0.0445712627968495,-0.0020182656049812023
