x_pos,race_local,race_display,group,series,prior_pct,post_pct,obs_pct,proc_q25_pct,proc_q75_pct,total_q25_pct,total_q75_pct,q25_pct,q75_pct
1,R1,'26-R1,Lille Bane,Lille bane 2,0.0,,,-2.2555048262184463,2.3075517677065616,-9.841717144491536,10.916043243929451,-2.2555048262184463,2.3075517677065616
2,R2,'26-R2,Lille Bane,Lille bane 2,0.0,-0.26728125012834836,-5.4188185114617315,-2.2838305761239686,2.337208457504203,-5.757630030340099,6.109385865607675,-2.2838305761239686,2.337208457504203
3,R3,'26-R3,Lille Bane,Lille bane 2,-0.26728125012834836,1.2790275386081351,10.150878010900644,-2.3668295790354232,1.8774167258342134,-5.946502773360374,5.7548680542176545,-2.3668295790354232,1.8774167258342134
