x_pos,race_local,race_display,group,series,prior_pct,post_pct,obs_pct,proc_q25_pct,proc_q75_pct,total_q25_pct,total_q75_pct,q25_pct,q75_pct
1,R1,'26-R1,Stor Bane,Stor bane 2,0.0,,,-0.0021329011223980565,0.0021329466160402433,-6.046629399205927,6.435776982284036,-0.0021329011223980565,0.0021329466160402433
2,R2,'26-R2,Stor Bane,Stor bane 2,0.0,-0.01660303289298115,-2.9018512308619404,-0.23720655576719984,0.23777056313063483,-3.1132113960308794,3.2132465539304045,-0.23720655576719984,0.23777056313063483
3,R3,'26-R3,Stor Bane,Stor bane 2,-0.01660303289298115,-0.08898159618102586,-10.087257954276607,-0.34788410947649284,0.315779346464895,-3.990070081825947,4.12130992702453,-0.34788410947649284,0.315779346464895
