x_pos,race_local,race_display,group,series,prior_pct,post_pct,obs_pct,proc_q25_pct,proc_q75_pct,total_q25_pct,total_q75_pct,q25_pct,q75_pct
1,R1,'26-R1,Lille Bane,Lille bane 2,0.0,,,-2.2555048262184463,2.3075517677065616,-9.841717144491536,10.916043243929451,-2.2555048262184463,2.3075517677065616
2,R2,'26-R2,Lille Bane,Lille bane 2,0.0,1.5430991557203066,3.888572654940181,-2.2838305761239686,2.337208457504203,-5.757630030340099,6.109385865607675,-2.2838305761239686,2.337208457504203
3,R3,'26-R3,Lille Bane,Lille bane 2,1.5430991557203066,2.3165368018675414,6.938907146789441,-0.5945608501111588,3.7267283795302752,-4.239213424238242,7.674564452233601,-0.5945608501111588,3.7267283795302752
