x_pos,race_local,race_display,group,series,prior_pct,post_pct,obs_pct,proc_q25_pct,proc_q75_pct,total_q25_pct,total_q75_pct,q25_pct,q75_pct
1,R1,'26-R1,Lille Bane,Lille bane 1,0.0,,,-2.2281683819342146,2.2789471620397794,-9.874012016328281,10.955787822394992,-2.2281683819342146,2.2789471620397794
2,R2,'26-R2,Lille Bane,Lille bane 1,0.0,-2.222516297053778,-14.967135092718264,-2.2376420818131293,2.2888585437819797,-5.7364063788453485,6.085495108429617,-2.2376420818131293,2.2888585437819797
3,R3,'26-R3,Lille Bane,Lille bane 1,-2.2033058959084917,-4.15296786792525,-13.710655582719045,-4.211071284228362,-0.1534571279268926,-7.821426295722233,3.7572289670326997,-4.211071284228362,-0.1534571279268926
