x_pos,race_local,group,race_display,series,x_prior,x_post,x_obs,x_proc_q25,x_proc_q75,x_total_q25,x_total_q75,x_q25,x_q75
1,R1,Lille Bane,'26-R1,Lille bane 2,0.0,,,-0.02776227935288768,0.02776227935288768,-0.10654018982618985,0.10654018982618985,-0.02776227935288768,0.02776227935288768
2,R2,Lille Bane,'26-R2,Lille bane 2,0.0,0.009192989120317052,0.04301613934807591,-0.02776227935288768,0.02776227935288768,-0.06005407223470617,0.06005407223470617,-0.02776227935288768,0.02776227935288768
3,R3,Lille Bane,'26-R3,Lille bane 2,0.009192989120317052,0.019519732640708286,0.07012801814403977,-0.01572306268289507,0.03410904092352917,-0.051331487261709205,0.06971746550234331,-0.01572306268289507,0.03410904092352917
