x_pos,race_local,race_display,group,series,prior_pct,obs_pct,proc_q25_pct,proc_q75_pct,total_q25_pct,total_q75_pct,q25_pct,q75_pct
1,R1,'26-R1,Lille Bane,Lille bane 2,0.0,,-2.7380448929404277,2.8151242589423253,-10.106108076369068,11.24226336195866,-2.7380448929404277,2.8151242589423253
2,R2,'26-R2,Lille Bane,Lille bane 2,0.0,-5.15180946497572,-2.7380448929404277,2.8151242589423253,-5.6040284858541405,5.936724201216936,-2.7380448929404277,2.8151242589423253
